/*
 Navicat Premium Data Transfer

 Source Server         : 本地连接
 Source Server Type    : MySQL
 Source Server Version : 80021
 Source Host           : localhost:3306
 Source Schema         : library

 Target Server Type    : MySQL
 Target Server Version : 80021
 File Encoding         : 65001

 Date: 30/05/2021 22:46:42
*/

SET NAMES utf8mb4;
SET FOREIGN_KEY_CHECKS = 0;

-- ----------------------------
-- Table structure for admin
-- ----------------------------
DROP TABLE IF EXISTS `admin`;
CREATE TABLE `admin`  (
  `username` varchar(20) CHARACTER SET utf8 COLLATE utf8_general_ci NOT NULL,
  `password` varchar(50) CHARACTER SET utf8 COLLATE utf8_general_ci NOT NULL,
  `id` bigint(0) NOT NULL AUTO_INCREMENT,
  `header` varchar(255) CHARACTER SET utf8 COLLATE utf8_general_ci NOT NULL,
  PRIMARY KEY (`id`) USING BTREE
) ENGINE = InnoDB AUTO_INCREMENT = 3 CHARACTER SET = utf8 COLLATE = utf8_general_ci ROW_FORMAT = Dynamic;

-- ----------------------------
-- Records of admin
-- ----------------------------
INSERT INTO `admin` VALUES ('admin', 'admin', 1, '/header/like.jpg');
INSERT INTO `admin` VALUES ('root', 'root', 2, '/header/like.jpg');

-- ----------------------------
-- Table structure for announcement
-- ----------------------------
DROP TABLE IF EXISTS `announcement`;
CREATE TABLE `announcement`  (
  `id` int(0) NOT NULL AUTO_INCREMENT,
  `title` varchar(50) CHARACTER SET utf8 COLLATE utf8_general_ci NULL DEFAULT NULL COMMENT '告示标题',
  `detail` varchar(2000) CHARACTER SET utf8 COLLATE utf8_general_ci NULL DEFAULT NULL COMMENT '告示内容',
  `publish_date` datetime(0) NULL DEFAULT NULL,
  PRIMARY KEY (`id`) USING BTREE
) ENGINE = InnoDB AUTO_INCREMENT = 4 CHARACTER SET = utf8 COLLATE = utf8_general_ci ROW_FORMAT = Dynamic;

-- ----------------------------
-- Records of announcement
-- ----------------------------
INSERT INTO `announcement` VALUES (1, '图书系统开始建设', '图书系统开始建设', '2020-06-02 22:28:31');
INSERT INTO `announcement` VALUES (2, '图书系统正在建设', '图书系统正在建设，冲鸭', '2020-06-02 08:29:40');
INSERT INTO `announcement` VALUES (3, '图书管理系统基本建成', '庆祝图书管理系统基本建成', '2020-06-09 16:43:18');

-- ----------------------------
-- Table structure for book_sort
-- ----------------------------
DROP TABLE IF EXISTS `book_sort`;
CREATE TABLE `book_sort`  (
  `id` int(0) NOT NULL AUTO_INCREMENT,
  `name` varchar(20) CHARACTER SET utf8 COLLATE utf8_general_ci NULL DEFAULT '' COMMENT '书籍类型名',
  `description` varchar(200) CHARACTER SET utf8 COLLATE utf8_general_ci NULL DEFAULT NULL,
  PRIMARY KEY (`id`) USING BTREE
) ENGINE = InnoDB AUTO_INCREMENT = 17 CHARACTER SET = utf8 COLLATE = utf8_general_ci ROW_FORMAT = Dynamic;

-- ----------------------------
-- Records of book_sort
-- ----------------------------
INSERT INTO `book_sort` VALUES (1, '未分类', '不可删除');
INSERT INTO `book_sort` VALUES (2, '护理', '护理护理');
INSERT INTO `book_sort` VALUES (3, '编程', '编程编程');
INSERT INTO `book_sort` VALUES (4, '艺术', '');
INSERT INTO `book_sort` VALUES (5, '管理', NULL);
INSERT INTO `book_sort` VALUES (6, '法律', NULL);
INSERT INTO `book_sort` VALUES (7, '生活', NULL);
INSERT INTO `book_sort` VALUES (8, '励志', '');
INSERT INTO `book_sort` VALUES (9, '故事', NULL);
INSERT INTO `book_sort` VALUES (10, '诗歌', NULL);
INSERT INTO `book_sort` VALUES (11, '社会学', NULL);
INSERT INTO `book_sort` VALUES (12, '文学', NULL);
INSERT INTO `book_sort` VALUES (13, '哲学', NULL);
INSERT INTO `book_sort` VALUES (14, '科学', NULL);
INSERT INTO `book_sort` VALUES (16, '幽默', '');

-- ----------------------------
-- Table structure for books
-- ----------------------------
DROP TABLE IF EXISTS `books`;
CREATE TABLE `books`  (
  `id` int(0) NOT NULL AUTO_INCREMENT,
  `name` varchar(30) CHARACTER SET utf8 COLLATE utf8_general_ci NULL DEFAULT NULL,
  `author` varchar(50) CHARACTER SET utf8 COLLATE utf8_general_ci NULL DEFAULT NULL,
  `library_id` int(0) NULL DEFAULT NULL,
  `sort_id` int(0) NULL DEFAULT NULL,
  `position` varchar(50) CHARACTER SET utf8 COLLATE utf8_general_ci NULL DEFAULT NULL,
  `status` smallint(0) NULL DEFAULT 1,
  `description` varchar(2000) CHARACTER SET utf8 COLLATE utf8_general_ci NULL DEFAULT NULL,
  `create_time` datetime(0) NULL DEFAULT NULL,
  `pic_book` varchar(255) CHARACTER SET utf8 COLLATE utf8_general_ci NULL DEFAULT NULL,
  PRIMARY KEY (`id`) USING BTREE
) ENGINE = InnoDB AUTO_INCREMENT = 33 CHARACTER SET = utf8 COLLATE = utf8_general_ci ROW_FORMAT = Dynamic;

-- ----------------------------
-- Records of books
-- ----------------------------
INSERT INTO `books` VALUES (2, '植发的价格', '江湖老中医', 2, 2, '5sdfs1', 0, '详细介绍每植一根发多少钱？', '2021-05-03 21:51:41', NULL);
INSERT INTO `books` VALUES (3, '代码的力量', '明月复苏', 2, 3, '234as', 1, '<p>神不知鬼不觉的拔掉你的头发<br></p>', '2021-05-03 21:51:48', NULL);
INSERT INTO `books` VALUES (4, 'java从入门到入土', '明月复苏', 2, 3, 'sdfs33', 1, '无简介', NULL, NULL);
INSERT INTO `books` VALUES (5, '图书馆章程', '明月复苏', 1, 5, '234sdfs', 1, '图书馆章程', NULL, NULL);
INSERT INTO `books` VALUES (6, '图书馆建设', '吸尘羊', 1, 5, '23dgdff', 0, '图书馆建设！', NULL, NULL);
INSERT INTO `books` VALUES (7, '学习如何跑路', '明月复苏', 1, 7, '2sdsa', 1, '<p>学习如何跑路</p>', NULL, NULL);
INSERT INTO `books` VALUES (8, '美好课设', '匿名', 1, 8, '23432s', 1, '做梦', NULL, NULL);
INSERT INTO `books` VALUES (9, '中国童话', '刘丽朵', 1, 9, '6sdf11', 1, '这是一本给孩子的中国童话故事集。以“非教训的无意思、空灵的幻想、快活的嬉笑、纯净的诗意、悠远的生命体味”为选篇标准，从《搜神记》《太平广记》《聊斋志异》《酉阳杂俎》等近30本经典作品中，精心挑选45篇符合现代审美、适合孩子阅读的故事；故事蕴涵着丰富的想象力与趣味性；用简美的现代语言，全新讲述中国童话故事；搭配符合故事主题的原创古风插画，带孩子进入奇幻浪漫的童话世界。', NULL, NULL);
INSERT INTO `books` VALUES (10, '人生删除事务所', '本多孝好', 1, 7, '22sdf1', 1, '你想好死后如何处理自己的手机、电脑、社交账号了吗？「死后，你不想示人的数据由我们来删除。」——人生删除事务所', NULL, NULL);
INSERT INTO `books` VALUES (11, '飞鸟集', '拉宾德拉纳特·泰戈尔', 1, 10, '23sdf12', 1, '《飞鸟集》是泰戈尔的代表作之一，也是世界上最杰出的诗集之一。白昼和黑夜、溪流和海洋、自由和背叛，都在泰戈尔的笔下合而为一，短小的语句道出了深刻的人生哲理，引领世人探寻真理和智慧的源泉。初读这些诗篇，如同在暴风雨过后的初夏清晨，推开卧室的窗户，看到一个淡泊清透的世界，一切都是那样清新、亮丽，可是其中的韵味却很厚实，耐人寻味。', NULL, NULL);
INSERT INTO `books` VALUES (12, '声音中的另一种语言', '伊夫·博纳富瓦', 1, 10, '23sdf2', 1, '在本书中，我们会读到这位诗人翻译家从自己的写作和翻译经验出发，对诗及诗的翻译的特殊性与重要性的阐述，对某些诗歌译作的批评，对译者处境与任务的思考，以及对不同语言的诗歌的独特见解……总而言之，在博纳富瓦看来，诗，我们在声音中触及的另一种语言，是存在僭越概念性日常言语，书写生命真实“在场”的语言，诗的语言不同于世上其他一切语言，它斟酌词语，倾听节奏，“一首诗歌（poème）的诗（poésie）以一种声音（voix）的方式走向读者”。诗的翻译是可能的，但不同于其他任何翻译，只能以独特的方式进行：“诗歌唯一需要忠实的是‘在场’”，译者要保留诗意，便要倾听词语的音乐，重新经历诗人用声音勾起的关于“在场”的记忆，用自己的语言和存在经验去重构、去分享原诗的“在场”。诗的翻译应当受到重视，通过诗的翻译，处于两种语言间隙的译者和另一种语言的读者能够对虚幻的概念性言语提出质疑，在进一步自我批评的同时重新思考与异的关系，从而探寻真实的生活与场所，与自己真实的信念相遇。', '2021-05-03 21:52:06', NULL);
INSERT INTO `books` VALUES (13, '诗经', '孔丘', 1, 10, '23sdf3', 1, '这本《诗经》收录全部305篇，每篇诗歌都配有相应的解释及译文，使读者更容易理解', NULL, NULL);
INSERT INTO `books` VALUES (14, '海子的诗', '海子', 1, 10, '23sdf4', 1, '本书收录了已故诗人海子的诗作精华，其诗以独特的风格深受读者的喜爱，从这些诗中反映出诗人那对于一切美好事物的眷恋之情，对于生命的世俗和崇高的激动和关怀。', NULL, NULL);
INSERT INTO `books` VALUES (15, '剧变', '[美] 贾雷德·戴蒙德 ', 2, 11, '2342sdf', 1, '<p>&nbsp; 《剧变》探讨了一个当前人类社会面临的重大问题：当危机来临时，我们该如何应对？从个人视角而言，危机可以改变一个人的成长轨迹，如处理不当，终其一生会生活在负面情绪中。对于整个人类社会而言，危机可使一种文明没落、一个国家解体、一个时代终结。因此，如何分辨危机、应对危机，避免危机，化危机为机遇，实现个人和整个人类社会的剧变，是人类当下面临的主课题。普利策奖得主、《枪炮、病菌与钢铁》作者戴蒙德再一次发挥其历史叙事的顶级水准，带我们巡礼了各国在历史中的危机应对，并从社会学、心理学、经济学、生物进化等跨学科视角展现了人类自古以来何以应对危机的历史沿革，并谏言国家、企业及整个人类社会如何从个人应对危机的进化逻辑和生理变化中得到启示，以更加多维度的、宽视角地看待危机应对这一关乎人类未来的命题。</p>', NULL, NULL);
INSERT INTO `books` VALUES (16, '七个疯子', '罗伯特·阿尔特 ', 2, 12, '234sae', 1, '<p><span class=\"all hidden\"></span></p><div class=\"intro\">\n    <p>◎ “是我想太多，还是这世界太疯狂？”</p>    <p>◎ 毒丽场域疯子们的“蛮荒故事”，纳粹等现代性之殇的神奇预言</p>    <p>◎ “阿根廷的陀思妥耶夫斯基”，拉美现代小说之父，罗伯特·阿尔特代表作</p>    <p>◎ 马尔克斯、博尔赫斯之先驱，胡里奥·科塔萨尔、罗伯特·波拉尼奥、胡安·卡洛斯·奥内蒂盛赞的伟大作家</p>    <p>——————————</p>    <p>本书是阿根廷著名作家罗伯特·阿尔特的长篇小说代表作，描述男主人公在社会底层挣扎并逐渐走向崩溃的过程。故事集中在三天时间，各色人物纷纷登场，从一件绑架案折射出20世纪20年代阿根廷乃至拉美的社会现实生活。作家以精湛的文笔对主人公进行了大量的心理描摹，并通过主人公的眼睛变形地透视了身边的现实和种种人物，其混乱怪诞之感，正应了魔幻现实主义的画风。有续集《喷火器》。</p>    <p>——————————</p>    <p>阿尔特无疑是一位伟大的作家……他是拉美第一位真正的都市小说家……这就是激发文学创作的力量。——《卫报》</p>    <p>他的视野与布宜诺斯艾利斯那一帮家伙昏暗而偏缘的视野从不可同日而语。——胡里奥·科塔萨尔</p>    <p>阿尔特是阿根廷现代小说之父，他是最重要、最伟大的阿根廷小说家。——里卡多·皮格利亚</p>    <p>如果这些海岸上有人能被称为文学天才的话，那一定是罗伯特·阿尔特……我在谈论一个将在时间长河中留下名字的小说家……难以置信，他还不为当今大众所熟知。——胡安·卡洛斯·奥内蒂</p>    <p>——————————</p>    <p>美洲西班牙语文学的另一重要特征即是它永恒的见证：暴力与不公平的见证，集体与个体的见证，现实与虚构的见证，往昔与现今的见证。在美洲，写作总是兼有诗意与政治的功能，写作从来不是一种无谓的游戏，即便在表面看来最形式化的表达中，它也从不逃遁于幻觉中。</p>    <p>——《理想藏书》</p></div><p></p>', NULL, NULL);
INSERT INTO `books` VALUES (17, '走出唯一真理观', '陈嘉映', 1, 13, '234sdfd', 1, '<div class=\"intro\">\n    <p>★陈嘉映2007—2018自选文集。</p>    <p>★《何为良好生活》后新作，认真思考，认真表述这些思考，召唤爱思考的人来一道思考。</p>    <p>★在危机与纷争爆发的时代，哲学如何协助我们反思生活。“我们与其说需要共识，不如说需要学会，没有共识的人应该如何一起生存。”</p>    <p>本书是陈嘉映先生选编自己于2007—2018年间所作演讲、访谈与评论结集。</p>    <p>有不同的道，从前有不同的道，现在有不同的道，将来还有不同的道。重要的问题不是找到唯一的道，而是这些不同的道之间怎样呼应，怎样交流，怎样斗争。你要是坚持说，哲学要的就是唯一的真理体系，那我不得不说，哲学已经死了。</p>    <p>哲学，尤其今天的哲学，不是宣教式的，不是上智向下愚宣教。我们之所求，首先不是让别人明白，而是求自己明白。</p>    <p>“我个人想要的是，认真思考，认真表述这些思考，召唤爱思考的人来一道思考。”</p></div>', NULL, NULL);

-- ----------------------------
-- Table structure for borrow_books
-- ----------------------------
DROP TABLE IF EXISTS `borrow_books`;
CREATE TABLE `borrow_books`  (
  `id` int(0) NOT NULL AUTO_INCREMENT,
  `card_id` int(0) NULL DEFAULT NULL,
  `book_id` int(0) NULL DEFAULT NULL,
  `borrow_date` datetime(0) NULL DEFAULT NULL,
  `end_date` datetime(0) NULL DEFAULT NULL,
  `return_date` datetime(0) NULL DEFAULT NULL,
  `illegal` varchar(200) CHARACTER SET utf8 COLLATE utf8_general_ci NULL DEFAULT NULL,
  `manager_id` varchar(20) CHARACTER SET utf8 COLLATE utf8_general_ci NULL DEFAULT NULL,
  PRIMARY KEY (`id`) USING BTREE,
  INDEX `book_id`(`book_id`) USING BTREE
) ENGINE = InnoDB AUTO_INCREMENT = 30 CHARACTER SET = utf8 COLLATE = utf8_general_ci ROW_FORMAT = Dynamic;

-- ----------------------------
-- Records of borrow_books
-- ----------------------------
INSERT INTO `borrow_books` VALUES (20, 1805010202, 1, '2020-06-11 09:37:10', '2020-06-12 09:37:18', '2020-06-11 09:48:07', '', 'chen');
INSERT INTO `borrow_books` VALUES (21, 1805010206, 5, '2020-04-08 09:37:40', '2020-06-08 09:38:14', '2020-06-11 10:50:07', '已逾期3天', 'chen');
INSERT INTO `borrow_books` VALUES (22, 1805010207, 1, '2020-06-11 09:47:44', '2020-08-10 09:47:52', '2020-06-11 09:50:07', '', 'chen');
INSERT INTO `borrow_books` VALUES (24, 1805010202, 1, '2020-06-02 09:55:04', '2020-06-03 09:55:16', '2020-06-11 09:56:02', '已逾期8天', 'chen');
INSERT INTO `borrow_books` VALUES (25, 1805010204, 2, '2020-06-11 09:59:42', '2020-08-10 09:59:47', '2020-06-11 10:00:17', '', 'chen');
INSERT INTO `borrow_books` VALUES (26, 1805010202, 1, '2020-06-09 10:01:13', '2020-06-10 10:01:48', '2020-06-11 10:07:29', '超期一天', 'chen');
INSERT INTO `borrow_books` VALUES (27, 1805010202, 5, '2020-06-08 10:12:18', '2020-06-09 10:12:27', '2020-06-11 10:13:36', '已逾期2天', 'chen');
INSERT INTO `borrow_books` VALUES (28, 1805010204, 2, '2020-04-07 10:12:28', '2020-06-06 10:12:41', NULL, NULL, NULL);
INSERT INTO `borrow_books` VALUES (29, 1805010202, 6, '2020-06-11 08:19:56', '2020-06-12 08:20:07', NULL, NULL, NULL);

-- ----------------------------
-- Table structure for borrow_card
-- ----------------------------
DROP TABLE IF EXISTS `borrow_card`;
CREATE TABLE `borrow_card`  (
  `id` bigint(0) NOT NULL AUTO_INCREMENT,
  `password` varchar(20) CHARACTER SET utf8 COLLATE utf8_general_ci NULL DEFAULT NULL,
  `reader` varchar(20) CHARACTER SET utf8 COLLATE utf8_general_ci NULL DEFAULT NULL,
  `rule_id` int(0) NULL DEFAULT NULL,
  `status` smallint(0) NULL DEFAULT NULL COMMENT '0注销，1正常',
  `header` varchar(255) CHARACTER SET utf8mb4 COLLATE utf8mb4_general_ci NULL DEFAULT NULL,
  `username` varchar(255) CHARACTER SET utf8 COLLATE utf8_general_ci NULL DEFAULT NULL,
  `describe` varchar(255) CHARACTER SET utf8 COLLATE utf8_general_ci NULL DEFAULT NULL,
  `cellphone` varchar(255) CHARACTER SET utf8 COLLATE utf8_general_ci NULL DEFAULT NULL,
  `email` text CHARACTER SET utf8 COLLATE utf8_general_ci NULL,
  `sex` tinyint(0) NULL DEFAULT NULL,
  PRIMARY KEY (`id`) USING BTREE
) ENGINE = InnoDB AUTO_INCREMENT = 1805010272 CHARACTER SET = utf8 COLLATE = utf8_general_ci ROW_FORMAT = Dynamic;

-- ----------------------------
-- Records of borrow_card
-- ----------------------------
INSERT INTO `borrow_card` VALUES (1, 'root', '老李', 7, 1, '/header/bd314a53-5741-4430-83a7-2284dd835394.gif', '123', '活泼开朗、乐观向上、兴趣广泛、适应力强、上手快、勤奋好学、脚踏实地、认真负责、坚毅不拔、吃苦耐劳、勇于迎接新挑战。\r\n										\r\n										\r\n										', '15251711139', '123@niit.edu.cn', 0);
INSERT INTO `borrow_card` VALUES (2, 'root', '黄白白', 2, 0, NULL, '1805010203', 'null\r\n										', '190', '167', 0);
INSERT INTO `borrow_card` VALUES (6, 'admin', '明月', 1, 1, NULL, '1805010207', NULL, '189736240', '142354645', 0);
INSERT INTO `borrow_card` VALUES (8, 'yue', '张沙', 1, 1, NULL, '1805010210', NULL, NULL, NULL, NULL);
INSERT INTO `borrow_card` VALUES (9, 'mingming', '星星', 1, 1, NULL, '1805010211', NULL, NULL, NULL, NULL);
INSERT INTO `borrow_card` VALUES (10, 'admin', '明月', 1, 1, NULL, '1805010212', NULL, NULL, NULL, NULL);
INSERT INTO `borrow_card` VALUES (11, 'chen', '辰', 1, 1, NULL, '1805010213', NULL, NULL, NULL, NULL);
INSERT INTO `borrow_card` VALUES (12, '1234', '小红', 1, 1, NULL, '1805010214', NULL, NULL, NULL, NULL);
INSERT INTO `borrow_card` VALUES (13, '赵雪', '赵雪', 2, 1, NULL, '1805010217', NULL, NULL, NULL, NULL);
INSERT INTO `borrow_card` VALUES (14, '1234', '测试', 1, 0, NULL, '1805010219', NULL, NULL, NULL, NULL);
INSERT INTO `borrow_card` VALUES (1805010219, '456', NULL, NULL, NULL, NULL, '456', NULL, NULL, NULL, NULL);
INSERT INTO `borrow_card` VALUES (1805010220, '123', NULL, NULL, NULL, NULL, 'wang', NULL, NULL, NULL, NULL);
INSERT INTO `borrow_card` VALUES (1805010221, '111', '晨曦', NULL, NULL, '/header/bbd7d0f0-4839-4fb2-b572-e01e7809d1fc.gif', '111', 'hahah\r\n										', '13515156147', '1459816720@qq.com', 0);
INSERT INTO `borrow_card` VALUES (1805010222, '121', NULL, NULL, NULL, NULL, '123', '人生好难', '18315158123', '1459816790@qq.com', 0);
INSERT INTO `borrow_card` VALUES (1805010229, NULL, NULL, NULL, NULL, NULL, NULL, NULL, NULL, NULL, 0);
INSERT INTO `borrow_card` VALUES (1805010230, NULL, NULL, NULL, NULL, NULL, NULL, NULL, NULL, NULL, 0);
INSERT INTO `borrow_card` VALUES (1805010231, '123', NULL, NULL, NULL, NULL, '123', NULL, '18315158123', '1459816790@qq.com', 0);
INSERT INTO `borrow_card` VALUES (1805010232, NULL, NULL, NULL, NULL, NULL, NULL, NULL, NULL, NULL, 0);
INSERT INTO `borrow_card` VALUES (1805010233, NULL, NULL, NULL, NULL, NULL, NULL, NULL, NULL, NULL, 0);
INSERT INTO `borrow_card` VALUES (1805010234, NULL, NULL, NULL, NULL, NULL, NULL, NULL, NULL, NULL, 0);
INSERT INTO `borrow_card` VALUES (1805010235, NULL, NULL, NULL, NULL, NULL, NULL, NULL, NULL, NULL, 0);
INSERT INTO `borrow_card` VALUES (1805010236, NULL, '111', NULL, NULL, NULL, '111', NULL, '女', '', 0);
INSERT INTO `borrow_card` VALUES (1805010237, NULL, '111', NULL, NULL, NULL, '111', NULL, '女', '', 0);
INSERT INTO `borrow_card` VALUES (1805010238, NULL, '111', NULL, NULL, NULL, '111', NULL, '男', '111', 0);
INSERT INTO `borrow_card` VALUES (1805010239, NULL, '111', NULL, NULL, NULL, '111', NULL, '111', '111', 0);
INSERT INTO `borrow_card` VALUES (1805010240, NULL, '张三', NULL, NULL, NULL, '111', NULL, '167189234', '132546', 0);
INSERT INTO `borrow_card` VALUES (1805010241, NULL, '张三', NULL, NULL, NULL, 'zhangsan', NULL, '1342', '1543', 0);
INSERT INTO `borrow_card` VALUES (1805010242, NULL, '111', NULL, NULL, NULL, 'zhangsan', NULL, '111', '110', 0);
INSERT INTO `borrow_card` VALUES (1805010243, NULL, '123', NULL, NULL, NULL, 'zhangsan', NULL, '111', '男', 0);
INSERT INTO `borrow_card` VALUES (1805010244, NULL, '111', NULL, NULL, NULL, 'zhangsan', NULL, '189', '男', 0);
INSERT INTO `borrow_card` VALUES (1805010245, NULL, '111', NULL, NULL, NULL, 'zhangsan', NULL, '189', '男', 0);
INSERT INTO `borrow_card` VALUES (1805010246, NULL, '111', NULL, NULL, NULL, 'zhangsan', NULL, '189', '男', 0);
INSERT INTO `borrow_card` VALUES (1805010247, NULL, '111', NULL, NULL, NULL, 'zhangsan', NULL, '189', '男', 0);
INSERT INTO `borrow_card` VALUES (1805010248, NULL, '111', NULL, NULL, NULL, 'zhangsan', NULL, '167', '男', 0);
INSERT INTO `borrow_card` VALUES (1805010249, NULL, '111', NULL, NULL, NULL, 'zhangsan', NULL, '167', '男', 0);
INSERT INTO `borrow_card` VALUES (1805010250, NULL, '111', NULL, NULL, NULL, 'zhangsan', NULL, '189', '男', 0);
INSERT INTO `borrow_card` VALUES (1805010251, NULL, '111', NULL, NULL, NULL, 'zhangsan', NULL, '男', '189', 0);
INSERT INTO `borrow_card` VALUES (1805010252, '111', NULL, NULL, NULL, NULL, 'zhangsan', NULL, '189', '145', 0);
INSERT INTO `borrow_card` VALUES (1805010253, '111', '张三', NULL, NULL, NULL, 'zhangsan', NULL, '189', '145', 0);
INSERT INTO `borrow_card` VALUES (1805010254, '', '', NULL, NULL, NULL, 'zhangsan', NULL, '', '', 0);
INSERT INTO `borrow_card` VALUES (1805010255, '123', '李四', NULL, NULL, NULL, 'lisi', NULL, '189', '145', 0);
INSERT INTO `borrow_card` VALUES (1805010256, '1', '1', NULL, NULL, NULL, '111', NULL, '1', '1', 1);
INSERT INTO `borrow_card` VALUES (1805010271, '111', '张三', NULL, NULL, NULL, 'zhangsan', NULL, '189', '145', 1);

-- ----------------------------
-- Table structure for collection
-- ----------------------------
DROP TABLE IF EXISTS `collection`;
CREATE TABLE `collection`  (
  `id` int(0) NOT NULL AUTO_INCREMENT,
  `user_id` int(0) NOT NULL,
  `book_id` int(0) NOT NULL,
  `create_time` datetime(0) NULL DEFAULT NULL,
  `update_time` datetime(0) NULL DEFAULT NULL,
  PRIMARY KEY (`id`) USING BTREE
) ENGINE = InnoDB AUTO_INCREMENT = 46 CHARACTER SET = utf8 COLLATE = utf8_general_ci ROW_FORMAT = Dynamic;

-- ----------------------------
-- Records of collection
-- ----------------------------
INSERT INTO `collection` VALUES (20, 123, 9, '2021-05-03 10:59:37', '2021-05-03 10:59:37');
INSERT INTO `collection` VALUES (41, 123, 2, '2021-05-10 11:42:37', '2021-05-10 11:42:37');
INSERT INTO `collection` VALUES (44, 111, 3, '2021-05-25 02:25:53', '2021-05-25 02:25:53');
INSERT INTO `collection` VALUES (45, 111, 1, '2021-05-25 02:26:02', '2021-05-25 02:26:02');

-- ----------------------------
-- Table structure for comment
-- ----------------------------
DROP TABLE IF EXISTS `comment`;
CREATE TABLE `comment`  (
  `id` int(0) NOT NULL AUTO_INCREMENT,
  `user_id` varchar(200) CHARACTER SET utf8 COLLATE utf8_general_ci NOT NULL,
  `book_id` int(0) NOT NULL,
  `comment` varchar(2000) CHARACTER SET utf8 COLLATE utf8_general_ci NOT NULL,
  `create_time` datetime(0) NOT NULL,
  `parent_id` int(0) NULL DEFAULT -1 COMMENT '父级评论id',
  PRIMARY KEY (`id`) USING BTREE
) ENGINE = InnoDB AUTO_INCREMENT = 6 CHARACTER SET = utf8 COLLATE = utf8_general_ci ROW_FORMAT = Dynamic;

-- ----------------------------
-- Records of comment
-- ----------------------------
INSERT INTO `comment` VALUES (1, '123', 1, '讲的太好了', '2021-05-07 10:00:15', -1);
INSERT INTO `comment` VALUES (2, '123', 1, '这个剧情也太好看了把，嘻嘻', '2021-05-07 10:15:13', -1);
INSERT INTO `comment` VALUES (3, '1805010203', 1, '嘻嘻', '2021-05-07 10:16:34', 123);
INSERT INTO `comment` VALUES (4, '1805010203', 1, '哈哈哈', '2021-05-07 10:16:51', 123);
INSERT INTO `comment` VALUES (5, '123', 2, '生动形象具体', '2021-05-26 10:15:12', -1);

-- ----------------------------
-- Table structure for library
-- ----------------------------
DROP TABLE IF EXISTS `library`;
CREATE TABLE `library`  (
  `id` int(0) NOT NULL AUTO_INCREMENT,
  `name` varchar(20) CHARACTER SET utf8 COLLATE utf8_general_ci NULL DEFAULT NULL,
  `description` varchar(1000) CHARACTER SET utf8 COLLATE utf8_general_ci NULL DEFAULT NULL,
  PRIMARY KEY (`id`) USING BTREE
) ENGINE = InnoDB AUTO_INCREMENT = 4 CHARACTER SET = utf8 COLLATE = utf8_general_ci ROW_FORMAT = Dynamic;

-- ----------------------------
-- Records of library
-- ----------------------------
INSERT INTO `library` VALUES (1, '南图', NULL);
INSERT INTO `library` VALUES (2, '北图', NULL);
INSERT INTO `library` VALUES (3, '教师之家', NULL);

-- ----------------------------
-- Table structure for manager
-- ----------------------------
DROP TABLE IF EXISTS `manager`;
CREATE TABLE `manager`  (
  `id` int(0) NOT NULL AUTO_INCREMENT,
  `name` varchar(20) CHARACTER SET utf8 COLLATE utf8_general_ci NULL DEFAULT NULL,
  `account` varchar(20) CHARACTER SET utf8 COLLATE utf8_general_ci NULL DEFAULT NULL,
  `password` varchar(30) CHARACTER SET utf8 COLLATE utf8_general_ci NULL DEFAULT NULL,
  `email` varchar(30) CHARACTER SET utf8 COLLATE utf8_general_ci NULL DEFAULT NULL,
  PRIMARY KEY (`id`) USING BTREE
) ENGINE = InnoDB AUTO_INCREMENT = 14 CHARACTER SET = utf8 COLLATE = utf8_general_ci ROW_FORMAT = Dynamic;

-- ----------------------------
-- Records of manager
-- ----------------------------
INSERT INTO `manager` VALUES (1, '辰', 'chen', 'chen', '232222@qq.com');
INSERT INTO `manager` VALUES (2, '明', 'ming', 'ming', '234234@qq.com');
INSERT INTO `manager` VALUES (3, '明月', 'root', '1234', '284908631@qq.com');
INSERT INTO `manager` VALUES (11, 'root', '1234', 'root', '123456@qq.com');
INSERT INTO `manager` VALUES (12, '测试员', 'test', 'test', 'test@qq.com');
INSERT INTO `manager` VALUES (13, '明月', '1', 'root', '1');

-- ----------------------------
-- Table structure for message
-- ----------------------------
DROP TABLE IF EXISTS `message`;
CREATE TABLE `message`  (
  `id` int(0) NOT NULL AUTO_INCREMENT,
  `card_id` int(0) NULL DEFAULT NULL,
  `detail` varchar(1000) CHARACTER SET utf8 COLLATE utf8_general_ci NULL DEFAULT NULL,
  `public_date` datetime(0) NULL DEFAULT NULL,
  PRIMARY KEY (`id`) USING BTREE
) ENGINE = InnoDB AUTO_INCREMENT = 7 CHARACTER SET = utf8 COLLATE = utf8_general_ci ROW_FORMAT = Dynamic;

-- ----------------------------
-- Records of message
-- ----------------------------
INSERT INTO `message` VALUES (1, 1805010201, '冲鸭，一起来看书', '2020-06-01 23:11:59');
INSERT INTO `message` VALUES (2, 1805010202, '我爱学习', '2020-05-29 23:12:03');
INSERT INTO `message` VALUES (3, 1805010202, '图书馆的书质量很好，图书管理员态度非常好，系统管理员也非常热心，太棒了', '2020-06-04 23:12:24');
INSERT INTO `message` VALUES (6, 1805010202, '咋回事', '2020-06-12 08:34:18');

-- ----------------------------
-- Table structure for message_bord
-- ----------------------------
DROP TABLE IF EXISTS `message_bord`;
CREATE TABLE `message_bord`  (
  `id` int(0) NOT NULL AUTO_INCREMENT,
  `user_id` int(0) NULL DEFAULT NULL,
  `content` text CHARACTER SET utf8 COLLATE utf8_general_ci NULL,
  `create_time` datetime(0) NULL DEFAULT NULL,
  PRIMARY KEY (`id`) USING BTREE
) ENGINE = InnoDB AUTO_INCREMENT = 32 CHARACTER SET = utf8 COLLATE = utf8_general_ci ROW_FORMAT = Dynamic;

-- ----------------------------
-- Records of message_bord
-- ----------------------------
INSERT INTO `message_bord` VALUES (1, 123, '这个系统太给li', '2021-05-26 14:26:29');
INSERT INTO `message_bord` VALUES (2, 1805010204, '新的一年加油', '2021-05-26 14:39:56');
INSERT INTO `message_bord` VALUES (3, 123, 'LALA', '2021-05-26 16:01:22');
INSERT INTO `message_bord` VALUES (6, 123, '心同', '2021-05-26 14:26:29');
INSERT INTO `message_bord` VALUES (7, 123, '今天天气真好！', '2021-05-27 07:14:52');
INSERT INTO `message_bord` VALUES (27, 123, '111', '2021-05-27 14:54:32');
INSERT INTO `message_bord` VALUES (28, 123, '11111111', '2021-05-27 14:56:12');
INSERT INTO `message_bord` VALUES (29, 123, '11', '2021-05-27 15:01:51');
INSERT INTO `message_bord` VALUES (30, 123, '世界，你好', '2021-05-27 15:09:02');
INSERT INTO `message_bord` VALUES (31, 123, '', '2021-05-27 15:09:06');

-- ----------------------------
-- Table structure for rent
-- ----------------------------
DROP TABLE IF EXISTS `rent`;
CREATE TABLE `rent`  (
  `id` int(0) NOT NULL AUTO_INCREMENT,
  `book_id` int(0) NOT NULL,
  `user_id` bigint(0) NOT NULL,
  `create_time` datetime(0) NOT NULL,
  `update_time` datetime(0) NOT NULL,
  PRIMARY KEY (`id`) USING BTREE
) ENGINE = InnoDB AUTO_INCREMENT = 141 CHARACTER SET = utf8 COLLATE = utf8_general_ci ROW_FORMAT = Dynamic;

-- ----------------------------
-- Records of rent
-- ----------------------------
INSERT INTO `rent` VALUES (132, 1, 1805010203, '2021-05-06 16:41:15', '2021-05-06 16:41:19');
INSERT INTO `rent` VALUES (138, 2, 123, '2021-05-10 11:42:39', '2021-05-10 11:42:39');
INSERT INTO `rent` VALUES (140, 1, 111, '2021-05-25 02:47:08', '2021-05-25 02:47:08');

-- ----------------------------
-- Table structure for reply
-- ----------------------------
DROP TABLE IF EXISTS `reply`;
CREATE TABLE `reply`  (
  `id` int(0) NOT NULL AUTO_INCREMENT,
  `comment_id` int(0) NULL DEFAULT NULL,
  `reply_id` int(0) NULL DEFAULT NULL,
  `reply_type` varchar(255) CHARACTER SET utf8 COLLATE utf8_general_ci NULL DEFAULT NULL,
  `content` text CHARACTER SET utf8 COLLATE utf8_general_ci NULL,
  `form_uid` int(0) NULL DEFAULT NULL,
  `to_uid` int(0) NULL DEFAULT NULL,
  PRIMARY KEY (`id`) USING BTREE
) ENGINE = InnoDB AUTO_INCREMENT = 1 CHARACTER SET = utf8 COLLATE = utf8_general_ci ROW_FORMAT = Dynamic;

-- ----------------------------
-- Records of reply
-- ----------------------------

-- ----------------------------
-- Table structure for rules
-- ----------------------------
DROP TABLE IF EXISTS `rules`;
CREATE TABLE `rules`  (
  `id` int(0) NOT NULL AUTO_INCREMENT,
  `borrow_num` int(0) NULL DEFAULT NULL COMMENT '限制本数',
  `limit_day` int(0) NULL DEFAULT NULL COMMENT '限制天数',
  `borrow_library` varchar(20) CHARACTER SET utf8 COLLATE utf8_general_ci NULL DEFAULT NULL,
  `overtime_fee` float(10, 3) NULL DEFAULT NULL,
  PRIMARY KEY (`id`) USING BTREE
) ENGINE = InnoDB AUTO_INCREMENT = 8 CHARACTER SET = utf8 COLLATE = utf8_general_ci ROW_FORMAT = Dynamic;

-- ----------------------------
-- Records of rules
-- ----------------------------
INSERT INTO `rules` VALUES (1, 10, 60, '1、2、3', 0.100);
INSERT INTO `rules` VALUES (2, 1, 10, '2、3', 1.000);
INSERT INTO `rules` VALUES (3, 20, 120, '1、2、3', 1.000);
INSERT INTO `rules` VALUES (4, 20, 180, '1、2、3', 0.100);
INSERT INTO `rules` VALUES (5, 1, 100, '1', 0.100);
INSERT INTO `rules` VALUES (6, 15, 60, '1、2、3', 0.100);
INSERT INTO `rules` VALUES (7, 1, 1, '1、3', 1.000);

SET FOREIGN_KEY_CHECKS = 1;
